[
  {
    "Name": "PingPlugin",
    "AssemblyVersion": "1.11.0.0"
  },
  {
    "Name": "FPSPlugin",
    "AssemblyVersion": "1.4.2.0"
  },
  {
    "Name": "SonarPlugin",
    "AssemblyVersion": "0.1.3.1"
  },
  {
    "Name": "BurntToast",
    "AssemblyVersion": "1.2.0"
  },
  {
    "Name": "VFXEditor",
    "AssemblyVersion": "1.3.2.3"
  },
  {
    "Name": "EasyEyes",
    "AssemblyVersion": "1.0.1.0"
  },
  {
    "Name": "DamageInfoPlugin",
    "AssemblyVersion": "1.3.7.1"
  },
  {
    "Name": "JobBars",
    "AssemblyVersion": "1.0.2.5"
  },
  {
    "Name": "EngageTimer",
    "AssemblyVersion": "1.2.0.0"
  },
  {
    "Name": "TextToTalk",
    "AssemblyVersion": "1.8.10.0"
  },
  {
    "Name": "TextToTalk",
    "AssemblyVersion": "1.8.9.0"
  },
  {
    "Name": "TextToTalk",
    "AssemblyVersion": "1.8.8.0"
  },
  {
    "Name": "TextToTalk",
    "AssemblyVersion": "1.8.7.0"
  },
  {
    "Name": "TextToTalk",
    "AssemblyVersion": "1.8.6.0"
  },
  {
    "Name": "TextToTalk",
    "AssemblyVersion": "1.8.5.0"
  },
  {
    "Name": "TextToTalk",
    "AssemblyVersion": "1.8.4.0"
  },
  {
    "Name": "TextToTalk",
    "AssemblyVersion": "1.8.2.0"
  },
  {
    "Name": "TextToTalk",
    "AssemblyVersion": "1.8.1.1"
  },
  {
    "Name": "TextToTalk",
    "AssemblyVersion": "1.8.1.0"
  },
  {
    "Name": "TextToTalk",
    "AssemblyVersion": "1.8.0.4"
  },
  {
    "Name": "RepairMe",
    "AssemblyVersion": "0.1.0.1"
  },
  {
    "Name": "RepairMe",
    "AssemblyVersion": "0.1.1.2"
  },
  {
    "Name": "RepairMe",
    "AssemblyVersion": "0.1.1.1"
  },
  {
    "Name": "RepairMe",
    "AssemblyVersion": "0.1.1.0"
  },
  {
    "Name": "NamePlateDebuffs",
    "AssemblyVersion": "0.3.0.0"
  },
  {
    "Name": "EnemyListDebuffs",
    "AssemblyVersion": "0.1.1.0"
  },
  {
    "Name": "DelvUI",
    "AssemblyVersion": "0.2.0.0"
  },
  {
    "Name": "TeleporterPlugin",
    "AssemblyVersion": "2.0.0.6"
  },
  {
    "Name": "ChatTranslator",
    "AssemblyVersion": "1.1.0.0"
  },
  {
    "Name": "MacroRecursion",
    "AssemblyVersion": "2.0.2.0",
    "Reason": "Please delete this version of Macro Chain and download it again from the available tab."
  },
  {
    "Name": "SlideCast",
    "AssemblyVersion": "0.7.0.0",
    "Reason": "SlideCast has been deprecated, please use the Cast Bar Adjustments tweak from SimpleTweaks."
  },
  {
    "Name": "SoundFilter",
    "AssemblyVersion": "1.4.3.0",
    "Reason": "SoundFilter is temporarily disabled due to a technical issue."
  },
  {
    "Name": "XIVCombo",
    "AssemblyVersion": "1.6.4",
    "Reason": "XIVCombo is temporarily disabled in order to adjust it to job changes."
  },
  {
    "Name": "MOAction",
    "AssemblyVersion": "4.2.1",
    "Reason": "MOAction is temporarily disabled in order to adjust it to job changes."
  },
  {
    "Name": "NoKillPlugin",
    "AssemblyVersion": "1.0.2.1"
  },
  {
    "Name": "MarketBoardPlugin",
    "AssemblyVersion": "0.5.1.0"
  },
  {
    "Name": "Penumbra",
    "AssemblyVersion": "0.4.5.0"
  },
  {
    "Name": "faderPlugin",
    "AssemblyVersion": "1.0.2.0",
    "Reason": "faderPlugin is temporarily disabled due to crashes."
  },
  {
    "Name": "Compass",
    "AssemblyVersion": "1.14.0",
    "Reason": "Compass is temporarily disabled due to crashes."
  },
  {
    "Name": "ChatTranslator",
    "AssemblyVersion": "1.2.1.0",
    "Reason": "ChatTranslator is temporarily disabled due to crashes."
  },
  {
    "Name": "Penumbra",
    "AssemblyVersion": "0.4.6.6",
    "Reason": "Penumbra is temporarily disabled due to crashes."
  },
  {
    "Name": "ItemSearchPlugin",
    "AssemblyVersion": "1.8.2.2",
    "Reason": "ItemSearchPlugin is temporarily disabled due to crashes."
  }
  ,
  {
    "Name": "Waitingway.Dalamud",
    "AssemblyVersion": "1.2.0",
    "Reason": "Requested by Ava. Download the new/current version."
  },
  {
    "Name": "JobBars",
    "AssemblyVersion": "1.2.1.0",
    "Reason": "crashes"
  },
  {
    "Name": "EnemyListDebuffs",
    "AssemblyVersion": "0.3.0.1",
    "Reason": "Crashes"
  },
  {
    "Name": "SoundSetter",
    "AssemblyVersion": "1.5.5.0",
    "Reason": "Incompatible with the current game version"
  },
  {
    "Name": "EngageTimer",
    "AssemblyVersion": "2.2.0.1",
    "Reason": "Crashes"
  },
  {
    "Name": "EngageTimer",
    "AssemblyVersion": "2.2.0.0",
    "Reason": "Crashes"
  },
  {
    "Name": "Echoglossian",
    "AssemblyVersion": "2.2.2112.131",
    "Reason": "Causes issues with the current version of the game"
  },
  {
    "Name": "MountCollectioner",
    "AssemblyVersion": "1.0.1.0",
    "Reason": "Has bugs that need to be resolved"
  },
  {
    "Name": "OopsAllLalafells",
    "AssemblyVersion": "1.3.0",
    "Reason": "Incompatible with FFXIV patch 6.1."
  },
  {
    "Name": "EnemyListDebuffs",
    "AssemblyVersion": "0.3.3.0",
    "Reason": "Causes crashes"
  },
  {
    "Name": "EB40F8A76F57D9EFD8F751229F0163BE5C64B2E376B329622527A0B04CDAE5E6",
    "AssemblyVersion": "0.4.0.7",
    "Reason": "Please install an update for this plugin to continue using it."
  },
  {
    "Name": "RezPls",
    "AssemblyVersion": "1.2.3.0",
    "Reason": "Please install an update for this plugin to continue using it."
  },
  {
    "Name": "Tourist",
    "AssemblyVersion": "1.2.6",
    "Reason": "Tourist is temporarily disabled due to crashes."
  },
  {
    "Name": "TitleEdit",
    "AssemblyVersion": "2.2.6.4",
    "Reason": "Causes crashes"
  },
  {
    "Name": "6F3F2D2BE3F289693A94A582558A88753F809A7DBC9F6061F488174AEA549E9B",
    "AssemblyVersion": "1.0.5.5",
    "Reason": "Please install an update for this plugin to continue using it."
  },
  {
    "Name": "TeleporterPlugin",
    "AssemblyVersion": "2.0.1.5",
    "Reason": "Needs to be updated in order to work"
  },
  {
    "Name": "554EE42A86CE631574439D2BD827F8C0685C5F94DA760D600EFB6615B43ACC1F",
    "AssemblyVersion": "2.0.3.2",
    "Reason": "Please install an update for this plugin to continue using it."
  },
  {
    "Name": "GatherBuddy",
    "AssemblyVersion": "3.0.5.1",
    "Reason": "Needs to be updated in order to work"
  },
  {
    "Name": "MOAction",
    "AssemblyVersion": "4.2.5",
    "Reason": "Needs to be updated in order to work"
  },
  {
    "Name": "HUDManager",
    "AssemblyVersion": "2.5.6.3",
    "Reason": "This plugin needs to be updated in order to function. Please wait for the developer to update it."
  },
  {
    "Name": "SimpleTweaksPlugin",
    "AssemblyVersion": "1.7.3.1",
    "Reason": "This plugin needs to be updated in order to function. Please wait for the developer to update it."
  },
  {
    "Name": "PartyListLayout",
    "AssemblyVersion": "0.3.4.0",
    "Reason": "This plugin needs to be updated in order to function. Please wait for the developer to update it."
  },
  {
    "Name": "NamePlateDebuffs",
    "AssemblyVersion": "0.5.6.0",
    "Reason": "This plugin needs to be updated in order to function. Please wait for the developer to update it."
  },
  {
    "Name": "ChatTwo",
    "AssemblyVersion": "1.17.0.0",
    "Reason": "This plugin needs to be updated in order to function. Please wait for the developer to update it."
  },
  {
    "Name": "Dalamud.FindAnything",
    "AssemblyVersion": "1.0.1.7",
    "Reason": "This plugin needs to be updated in order to function. Please wait for the developer to update it."
  },
  {
    "Name": "Compass",
    "AssemblyVersion": "1.20.1",
    "Reason": "This plugin needs to be updated in order to function. Please wait for the developer to update it."
  },
  {
    "Name": "ARealmRecorded",
    "AssemblyVersion": "0.4.1.0",
    "Reason": "This plugin needs to be updated in order to function. Please wait for the developer to update it."
  }
]
